event_id,origin_time_utc,latitude,longitude,depth_km,magnitude,magnitude_type,region,network,station,location,channels,sampling_rate_hz,waveform_start_utc,waveform_end_utc,pre_event_seconds,post_event_seconds,stationxml_available,waveform_file,download_status,validation_status
smi:ch.ethz.sed/sc3a/2020btnrcj,2020-01-25T19:13:28.756778,46.23524004,7.714763478,3.670898438,2.999039894,MLh,Graechen VS,CH,EMBD,--,HHE;HHN;HHZ,120.0,2020-01-25T19:11:58.758000Z,2020-01-25T19:16:58.758333Z,89.999,210.002,YES,data/raw/switzerland/2020btnrcj/CH.EMBD.--.HH.20200125T191328.mseed,OK,PASS
smi:ch.ethz.sed/sc3a/2020btnrcj,2020-01-25T19:13:28.756778,46.23524004,7.714763478,3.670898438,2.999039894,MLh,Graechen VS,CH,VANNI,--,HHE;HHN;HHZ,120.0,2020-01-25T19:11:58.758000Z,2020-01-25T19:16:58.758333Z,89.999,210.002,YES,data/raw/switzerland/2020btnrcj/CH.VANNI.--.HH.20200125T191328.mseed,OK,PASS
smi:ch.ethz.sed/sc3a/2020btnrcj,2020-01-25T19:13:28.756778,46.23524004,7.714763478,3.670898438,2.999039894,MLh,Graechen VS,CH,JAUN,--,HHE;HHN;HHZ,200.0,2020-01-25T19:11:58.755000Z,2020-01-25T19:16:58.755000Z,90.002,209.998,YES,data/raw/switzerland/2020btnrcj/CH.JAUN.--.HH.20200125T191328.mseed,OK,PASS
smi:ch.ethz.sed/sc3a/2020btnrcj,2020-01-25T19:13:28.756778,46.23524004,7.714763478,3.670898438,2.999039894,MLh,Graechen VS,CH,SALAN,--,HHE;HHN;HHZ,200.0,2020-01-25T19:11:58.754998Z,2020-01-25T19:16:58.755000Z,90.002,209.998,YES,data/raw/switzerland/2020btnrcj/CH.SALAN.--.HH.20200125T191328.mseed,OK,PASS
smi:ch.ethz.sed/sc3a/2020btnrcj,2020-01-25T19:13:28.756778,46.23524004,7.714763478,3.670898438,2.999039894,MLh,Graechen VS,CH,MUO,--,HHE;HHN;HHZ,120.0,2020-01-25T19:11:58.755000Z,2020-01-25T19:16:58.755000Z,90.002,209.998,YES,data/raw/switzerland/2020btnrcj/CH.MUO.--.HH.20200125T191328.mseed,OK,PASS
smi:ch.ethz.sed/sc3a/2020btnrcj,2020-01-25T19:13:28.756778,46.23524004,7.714763478,3.670898438,2.999039894,MLh,Graechen VS,CH,VDR,--,HHE;HHN;HHZ,200.0,2020-01-25T19:11:58.755000Z,2020-01-25T19:16:58.755001Z,90.002,209.998,YES,data/raw/switzerland/2020btnrcj/CH.VDR.--.HH.20200125T191328.mseed,OK,PASS
smi:ch.ethz.sed/sc3a/2020vcnjhp,2020-10-25T19:35:43.383892,46.90474746,9.124707839,1.436523438,4.324859837,MLh,Elm GL,CH,PANIX,--,HHE;HHN;HHZ,200.0,2020-10-25T19:34:13.385000Z,2020-10-25T19:39:13.385000Z,89.999,210.001,YES,data/raw/switzerland/2020vcnjhp/CH.PANIX.--.HH.20201025T193543.mseed,OK,PASS
smi:ch.ethz.sed/sc3a/2020vcnjhp,2020-10-25T19:35:43.383892,46.90474746,9.124707839,1.436523438,4.324859837,MLh,Elm GL,CH,PLONS,--,HHE;HHN;HHZ,200.0,2020-10-25T19:34:13.385000Z,2020-10-25T19:39:13.385000Z,89.999,210.001,YES,data/raw/switzerland/2020vcnjhp/CH.PLONS.--.HH.20201025T193543.mseed,OK,PASS
smi:ch.ethz.sed/sc3a/2020vcnjhp,2020-10-25T19:35:43.383892,46.90474746,9.124707839,1.436523438,4.324859837,MLh,Elm GL,CH,VDL,--,HHE;HHN;HHZ,200.0,2020-10-25T19:34:13.385000Z,2020-10-25T19:39:13.385000Z,89.999,210.001,YES,data/raw/switzerland/2020vcnjhp/CH.VDL.--.HH.20201025T193543.mseed,OK,PASS
smi:ch.ethz.sed/sc3a/2020vcnjhp,2020-10-25T19:35:43.383892,46.90474746,9.124707839,1.436523438,4.324859837,MLh,Elm GL,CH,BNALP,--,HHE;HHN;HHZ,200.0,2020-10-25T19:34:13.385000Z,2020-10-25T19:39:13.385000Z,89.999,210.001,YES,data/raw/switzerland/2020vcnjhp/CH.BNALP.--.HH.20201025T193543.mseed,OK,PASS
smi:ch.ethz.sed/sc3a/2020vcnjhp,2020-10-25T19:35:43.383892,46.90474746,9.124707839,1.436523438,4.324859837,MLh,Elm GL,CH,SULZ,--,HHE;HHN;HHZ,200.0,2020-10-25T19:34:13.385000Z,2020-10-25T19:39:13.385000Z,89.999,210.001,YES,data/raw/switzerland/2020vcnjhp/CH.SULZ.--.HH.20201025T193543.mseed,OK,PASS
smi:ch.ethz.sed/sc3a/2020vcnjhp,2020-10-25T19:35:43.383892,46.90474746,9.124707839,1.436523438,4.324859837,MLh,Elm GL,CH,SLE,--,HHE;HHN;HHZ,200.0,2020-10-25T19:34:13.385000Z,2020-10-25T19:39:13.385001Z,89.999,210.001,YES,data/raw/switzerland/2020vcnjhp/CH.SLE.--.HH.20201025T193543.mseed,OK,PASS
smi:ch.ethz.sed/sc3a/2020wcoepg,2020-11-08T23:56:43.135987,45.97894745,7.509125434,1.335449219,3.471656863,MLhc,Arolla VS,CH,DIX,--,HHE;HHN;HHZ,200.0,2020-11-08T23:55:13.135000Z,2020-11-09T00:00:13.135000Z,90.001,209.999,YES,data/raw/switzerland/2020wcoepg/CH.DIX.--.HH.20201108T235643.mseed,OK,PASS
smi:ch.ethz.sed/sc3a/2020wcoepg,2020-11-08T23:56:43.135987,45.97894745,7.509125434,1.335449219,3.471656863,MLhc,Arolla VS,CH,VANNI,--,HHE;HHN;HHZ,120.0,2020-11-08T23:55:13.133333Z,2020-11-09T00:00:13.133334Z,90.003,209.997,YES,data/raw/switzerland/2020wcoepg/CH.VANNI.--.HH.20201108T235643.mseed,OK,PASS
smi:ch.ethz.sed/sc3a/2020wcoepg,2020-11-08T23:56:43.135987,45.97894745,7.509125434,1.335449219,3.471656863,MLhc,Arolla VS,CH,ILLEZ,--,HHE;HHN;HHZ,200.0,2020-11-08T23:55:13.135000Z,2020-11-09T00:00:13.135000Z,90.001,209.999,YES,data/raw/switzerland/2020wcoepg/CH.ILLEZ.--.HH.20201108T235643.mseed,OK,PASS
smi:ch.ethz.sed/sc3a/2020wcoepg,2020-11-08T23:56:43.135987,45.97894745,7.509125434,1.335449219,3.471656863,MLhc,Arolla VS,CH,AIGLE,--,HHE;HHN;HHZ,200.0,2020-11-08T23:55:13.135000Z,2020-11-09T00:00:13.135000Z,90.001,209.999,YES,data/raw/switzerland/2020wcoepg/CH.AIGLE.--.HH.20201108T235643.mseed,OK,PASS
smi:ch.ethz.sed/sc3a/2020wcoepg,2020-11-08T23:56:43.135987,45.97894745,7.509125434,1.335449219,3.471656863,MLhc,Arolla VS,CH,FUSIO,--,HHE;HHN;HHZ,200.0,2020-11-08T23:55:13.135000Z,2020-11-09T00:00:13.135000Z,90.001,209.999,YES,data/raw/switzerland/2020wcoepg/CH.FUSIO.--.HH.20201108T235643.mseed,OK,PASS
smi:ch.ethz.sed/sc3a/2020wcoepg,2020-11-08T23:56:43.135987,45.97894745,7.509125434,1.335449219,3.471656863,MLhc,Arolla VS,CH,GIMEL,--,HHE;HHN;HHZ,200.0,2020-11-08T23:55:13.135000Z,2020-11-09T00:00:13.135000Z,90.001,209.999,YES,data/raw/switzerland/2020wcoepg/CH.GIMEL.--.HH.20201108T235643.mseed,OK,PASS
smi:ch.ethz.sed/sc3a/2020wfjqus,2020-11-10T12:53:23.115762,46.90311152,9.115465173,1.690429688,3.937206497,MLhc,Elm GL,CH,PANIX,--,HHE;HHN;HHZ,200.0,2020-11-10T12:51:53.115000Z,2020-11-10T12:56:53.115000Z,90.001,209.999,YES,data/raw/switzerland/2020wfjqus/CH.PANIX.--.HH.20201110T125323.mseed,OK,PASS
smi:ch.ethz.sed/sc3a/2020wfjqus,2020-11-10T12:53:23.115762,46.90311152,9.115465173,1.690429688,3.937206497,MLhc,Elm GL,CH,PLONS,--,HHE;HHN;HHZ,200.0,2020-11-10T12:51:53.115000Z,2020-11-10T12:56:53.115000Z,90.001,209.999,YES,data/raw/switzerland/2020wfjqus/CH.PLONS.--.HH.20201110T125323.mseed,OK,PASS
smi:ch.ethz.sed/sc3a/2020wfjqus,2020-11-10T12:53:23.115762,46.90311152,9.115465173,1.690429688,3.937206497,MLhc,Elm GL,CH,LIENZ,--,HHE;HHN;HHZ,200.0,2020-11-10T12:51:53.115000Z,2020-11-10T12:56:53.115001Z,90.001,209.999,YES,data/raw/switzerland/2020wfjqus/CH.LIENZ.--.HH.20201110T125323.mseed,OK,PASS
smi:ch.ethz.sed/sc3a/2020wfjqus,2020-11-10T12:53:23.115762,46.90311152,9.115465173,1.690429688,3.937206497,MLhc,Elm GL,CH,BNALP,--,HHE;HHN;HHZ,200.0,2020-11-10T12:51:53.115000Z,2020-11-10T12:56:53.115001Z,90.001,209.999,YES,data/raw/switzerland/2020wfjqus/CH.BNALP.--.HH.20201110T125323.mseed,OK,PASS
smi:ch.ethz.sed/sc3a/2020wfjqus,2020-11-10T12:53:23.115762,46.90311152,9.115465173,1.690429688,3.937206497,MLhc,Elm GL,CH,SULZ,--,HHE;HHN;HHZ,200.0,2020-11-10T12:51:53.115000Z,2020-11-10T12:56:53.115001Z,90.001,209.999,YES,data/raw/switzerland/2020wfjqus/CH.SULZ.--.HH.20201110T125323.mseed,OK,PASS
smi:ch.ethz.sed/sc3a/2020wfjqus,2020-11-10T12:53:23.115762,46.90311152,9.115465173,1.690429688,3.937206497,MLhc,Elm GL,CH,SLE,--,HHE;HHN;HHZ,200.0,2020-11-10T12:51:53.115000Z,2020-11-10T12:56:53.115000Z,90.001,209.999,YES,data/raw/switzerland/2020wfjqus/CH.SLE.--.HH.20201110T125323.mseed,OK,PASS
smi:ch.ethz.sed/sc20a/Event/2021mvcsag,2021-07-01T11:11:50.282499,46.61232363,8.373586727,8.266601562,4.020872296,MLhc,Oberwald VS,CH,HASLI,--,HHE;HHN;HHZ,120.0,2021-07-01T11:10:20.280000Z,2021-07-01T11:15:20.280000Z,90.002,209.998,YES,data/raw/switzerland/2021mvcsag/CH.HASLI.--.HH.20210701T111150.mseed,OK,PASS
smi:ch.ethz.sed/sc20a/Event/2021mvcsag,2021-07-01T11:11:50.282499,46.61232363,8.373586727,8.266601562,4.020872296,MLhc,Oberwald VS,CH,FIESA,--,HHE;HHN;HHZ,200.0,2021-07-01T11:10:20.280000Z,2021-07-01T11:15:20.280001Z,90.002,209.998,YES,data/raw/switzerland/2021mvcsag/CH.FIESA.--.HH.20210701T111150.mseed,OK,PASS
smi:ch.ethz.sed/sc20a/Event/2021mvcsag,2021-07-01T11:11:50.282499,46.61232363,8.373586727,8.266601562,4.020872296,MLhc,Oberwald VS,CH,LAUCH,--,HHE;HHN;HHZ,120.0,2021-07-01T11:10:20.283333Z,2021-07-01T11:15:20.283333Z,89.999,210.001,YES,data/raw/switzerland/2021mvcsag/CH.LAUCH.--.HH.20210701T111150.mseed,OK,PASS
smi:ch.ethz.sed/sc20a/Event/2021mvcsag,2021-07-01T11:11:50.282499,46.61232363,8.373586727,8.266601562,4.020872296,MLhc,Oberwald VS,CH,LLS,--,HHE;HHN;HHZ,200.0,2021-07-01T11:10:20.280000Z,2021-07-01T11:15:20.280000Z,90.002,209.998,YES,data/raw/switzerland/2021mvcsag/CH.LLS.--.HH.20210701T111150.mseed,OK,PASS
smi:ch.ethz.sed/sc20a/Event/2021mvcsag,2021-07-01T11:11:50.282499,46.61232363,8.373586727,8.266601562,4.020872296,MLhc,Oberwald VS,CH,SULZ,--,HHE;HHN;HHZ,200.0,2021-07-01T11:10:20.280000Z,2021-07-01T11:15:20.280000Z,90.002,209.998,YES,data/raw/switzerland/2021mvcsag/CH.SULZ.--.HH.20210701T111150.mseed,OK,PASS
smi:ch.ethz.sed/sc20a/Event/2021mvcsag,2021-07-01T11:11:50.282499,46.61232363,8.373586727,8.266601562,4.020872296,MLhc,Oberwald VS,CH,GRYON,--,HHE;HHN;HHZ,200.0,2021-07-01T11:10:20.280000Z,2021-07-01T11:15:20.280000Z,90.002,209.998,YES,data/raw/switzerland/2021mvcsag/CH.GRYON.--.HH.20210701T111150.mseed,OK,PASS
smi:ch.ethz.sed/sc20a/Event/2021yhkcdx,2021-12-10T23:08:13.459475,47.42569131,7.74169873,25.17041016,3.215335967,MLhc,Liestal BL,CH,BALST,--,HHE;HHN;HHZ,200.0,2021-12-10T23:06:43.460000Z,2021-12-10T23:11:43.460000Z,89.999,210.001,YES,data/raw/switzerland/2021yhkcdx/CH.BALST.--.HH.20211210T230813.mseed,OK,PASS
smi:ch.ethz.sed/sc20a/Event/2021yhkcdx,2021-12-10T23:08:13.459475,47.42569131,7.74169873,25.17041016,3.215335967,MLhc,Liestal BL,CH,MUTEZ,--,HHE;HHN;HHZ,200.0,2021-12-10T23:06:43.460000Z,2021-12-10T23:11:43.460000Z,89.999,210.001,YES,data/raw/switzerland/2021yhkcdx/CH.MUTEZ.--.HH.20211210T230813.mseed,OK,PASS
smi:ch.ethz.sed/sc20a/Event/2021yhkcdx,2021-12-10T23:08:13.459475,47.42569131,7.74169873,25.17041016,3.215335967,MLhc,Liestal BL,CH,BERGE,--,HHE;HHN;HHZ,200.0,2021-12-10T23:06:43.460000Z,2021-12-10T23:11:43.460000Z,89.999,210.001,YES,data/raw/switzerland/2021yhkcdx/CH.BERGE.--.HH.20211210T230813.mseed,OK,PASS
smi:ch.ethz.sed/sc20a/Event/2021yhkcdx,2021-12-10T23:08:13.459475,47.42569131,7.74169873,25.17041016,3.215335967,MLhc,Liestal BL,CH,ZUR,--,HHE;HHN;HHZ,200.0,2021-12-10T23:06:43.460000Z,2021-12-10T23:11:43.460000Z,89.999,210.001,YES,data/raw/switzerland/2021yhkcdx/CH.ZUR.--.HH.20211210T230813.mseed,OK,PASS
smi:ch.ethz.sed/sc20a/Event/2021yhkcdx,2021-12-10T23:08:13.459475,47.42569131,7.74169873,25.17041016,3.215335967,MLhc,Liestal BL,CH,BRANT,--,HHE;HHN;HHZ,200.0,2021-12-10T23:06:43.460000Z,2021-12-10T23:11:43.460000Z,89.999,210.001,YES,data/raw/switzerland/2021yhkcdx/CH.BRANT.--.HH.20211210T230813.mseed,OK,PASS
smi:ch.ethz.sed/sc20a/Event/2021yhkcdx,2021-12-10T23:08:13.459475,47.42569131,7.74169873,25.17041016,3.215335967,MLhc,Liestal BL,CH,LAUCH,--,HHE;HHN;HHZ,120.0,2021-12-10T23:06:43.458333Z,2021-12-10T23:11:43.458334Z,90.001,209.999,YES,data/raw/switzerland/2021yhkcdx/CH.LAUCH.--.HH.20211210T230813.mseed,OK,PASS
smi:ch.ethz.sed/sc20a/Event/2021zhdzar,2021-12-24T23:59:56.706839,47.37349438,6.918607095,4.423828125,4.102738426,MLhc,Porrentruy JU,CH,MTI02,--,HHE;HHN;HHZ,120.0,2021-12-24T23:58:26.708332Z,2021-12-25T00:03:26.708333Z,89.999,210.001,YES,data/raw/switzerland/2021zhdzar/CH.MTI02.--.HH.20211224T235956.mseed,OK,PASS
smi:ch.ethz.sed/sc20a/Event/2021zhdzar,2021-12-24T23:59:56.706839,47.37349438,6.918607095,4.423828125,4.102738426,MLhc,Porrentruy JU,CH,CHASS,--,HHE;HHN;HHZ,200.0,2021-12-24T23:58:26.705000Z,2021-12-25T00:03:26.705000Z,90.002,209.998,YES,data/raw/switzerland/2021zhdzar/CH.CHASS.--.HH.20211224T235956.mseed,OK,PASS
smi:ch.ethz.sed/sc20a/Event/2021zhdzar,2021-12-24T23:59:56.706839,47.37349438,6.918607095,4.423828125,4.102738426,MLhc,Porrentruy JU,CH,MUTEZ,--,HHE;HHN;HHZ,200.0,2021-12-24T23:58:26.705000Z,2021-12-25T00:03:26.705000Z,90.002,209.998,YES,data/raw/switzerland/2021zhdzar/CH.MUTEZ.--.HH.20211224T235956.mseed,OK,PASS
smi:ch.ethz.sed/sc20a/Event/2021zhdzar,2021-12-24T23:59:56.706839,47.37349438,6.918607095,4.423828125,4.102738426,MLhc,Porrentruy JU,CH,BALST,--,HHE;HHN;HHZ,200.0,2021-12-24T23:58:26.705000Z,2021-12-25T00:03:26.705000Z,90.002,209.998,YES,data/raw/switzerland/2021zhdzar/CH.BALST.--.HH.20211224T235956.mseed,OK,PASS
smi:ch.ethz.sed/sc20a/Event/2021zhdzar,2021-12-24T23:59:56.706839,47.37349438,6.918607095,4.423828125,4.102738426,MLhc,Porrentruy JU,CH,ACB,--,HHE;HHN;HHZ,200.0,2021-12-24T23:58:26.705000Z,2021-12-25T00:03:26.705000Z,90.002,209.998,YES,data/raw/switzerland/2021zhdzar/CH.ACB.--.HH.20211224T235956.mseed,OK,PASS
smi:ch.ethz.sed/sc20a/Event/2021zhdzar,2021-12-24T23:59:56.706839,47.37349438,6.918607095,4.423828125,4.102738426,MLhc,Porrentruy JU,CH,METMA,--,HHE;HHN;HHZ,200.0,2021-12-24T23:58:26.705000Z,2021-12-25T00:03:26.705000Z,90.002,209.998,YES,data/raw/switzerland/2021zhdzar/CH.METMA.--.HH.20211224T235956.mseed,OK,PASS
smi:ch.ethz.sed/sc20a/Event/2022qpgqyu,2022-08-23T22:29:40.539183,46.14689941,7.716827591,7.250976562,3.214044812,MLhc,Zinal VS,CH,VANNI,--,HHE;HHN;HHZ,120.0,2022-08-23T22:28:10.541666Z,2022-08-23T22:33:10.541667Z,89.998,210.002,YES,data/raw/switzerland/2022qpgqyu/CH.VANNI.--.HH.20220823T222940.mseed,OK,PASS
smi:ch.ethz.sed/sc20a/Event/2022qpgqyu,2022-08-23T22:29:40.539183,46.14689941,7.716827591,7.250976562,3.214044812,MLhc,Zinal VS,CH,EMBD,--,HHE;HHN;HHZ,120.0,2022-08-23T22:28:10.541666Z,2022-08-23T22:33:10.541666Z,89.998,210.002,YES,data/raw/switzerland/2022qpgqyu/CH.EMBD.--.HH.20220823T222940.mseed,OK,PASS
smi:ch.ethz.sed/sc20a/Event/2022qpgqyu,2022-08-23T22:29:40.539183,46.14689941,7.716827591,7.250976562,3.214044812,MLhc,Zinal VS,CH,MFERR,--,HHE;HHN;HHZ,200.0,2022-08-23T22:28:10.540000Z,2022-08-23T22:33:10.540000Z,89.999,210.001,YES,data/raw/switzerland/2022qpgqyu/CH.MFERR.--.HH.20220823T222940.mseed,OK,PASS
smi:ch.ethz.sed/sc20a/Event/2022qpgqyu,2022-08-23T22:29:40.539183,46.14689941,7.716827591,7.250976562,3.214044812,MLhc,Zinal VS,CH,SALAN,--,HHE;HHN;HHZ,200.0,2022-08-23T22:28:10.539998Z,2022-08-23T22:33:10.539998Z,89.999,210.001,YES,data/raw/switzerland/2022qpgqyu/CH.SALAN.--.HH.20220823T222940.mseed,OK,PASS
smi:ch.ethz.sed/sc20a/Event/2022qpgqyu,2022-08-23T22:29:40.539183,46.14689941,7.716827591,7.250976562,3.214044812,MLhc,Zinal VS,CH,VMV,--,HHE;HHN;HHZ,200.0,2022-08-23T22:28:10.539998Z,2022-08-23T22:33:10.540000Z,89.999,210.001,YES,data/raw/switzerland/2022qpgqyu/CH.VMV.--.HH.20220823T222940.mseed,OK,PASS
smi:ch.ethz.sed/sc20a/Event/2022qpgqyu,2022-08-23T22:29:40.539183,46.14689941,7.716827591,7.250976562,3.214044812,MLhc,Zinal VS,CH,MUGIO,--,HHE;HHN;HHZ,200.0,2022-08-23T22:28:10.540000Z,2022-08-23T22:33:10.540000Z,89.999,210.001,YES,data/raw/switzerland/2022qpgqyu/CH.MUGIO.--.HH.20220823T222940.mseed,OK,PASS
smi:ch.ethz.sed/sc20a/Event/2022rvutkg,2022-09-10T15:58:13.892089,47.67765776,7.474201557,13.38623047,4.741692096,MLhc,Mulhouse F,CH,HAUIG,--,HHE;HHN;HHZ,200.0,2022-09-10T15:56:43.890000Z,2022-09-10T16:01:43.890000Z,90.002,209.998,YES,data/raw/switzerland/2022rvutkg/CH.HAUIG.--.HH.20220910T155813.mseed,OK,PASS
smi:ch.ethz.sed/sc20a/Event/2022rvutkg,2022-09-10T15:58:13.892089,47.67765776,7.474201557,13.38623047,4.741692096,MLhc,Mulhouse F,CH,MUTEZ,--,HHE;HHN;HHZ,200.0,2022-09-10T15:56:43.890000Z,2022-09-10T16:01:43.890000Z,90.002,209.998,YES,data/raw/switzerland/2022rvutkg/CH.MUTEZ.--.HH.20220910T155813.mseed,OK,PASS
smi:ch.ethz.sed/sc20a/Event/2022rvutkg,2022-09-10T15:58:13.892089,47.67765776,7.474201557,13.38623047,4.741692096,MLhc,Mulhouse F,CH,SULZ,--,HHE;HHN;HHZ,200.0,2022-09-10T15:56:43.890000Z,2022-09-10T16:01:43.890001Z,90.002,209.998,YES,data/raw/switzerland/2022rvutkg/CH.SULZ.--.HH.20220910T155813.mseed,OK,PASS
smi:ch.ethz.sed/sc20a/Event/2022rvutkg,2022-09-10T15:58:13.892089,47.67765776,7.474201557,13.38623047,4.741692096,MLhc,Mulhouse F,CH,BERGE,--,HHE;HHN;HHZ,200.0,2022-09-10T15:56:43.890000Z,2022-09-10T16:01:43.890000Z,90.002,209.998,YES,data/raw/switzerland/2022rvutkg/CH.BERGE.--.HH.20220910T155813.mseed,OK,PASS
smi:ch.ethz.sed/sc20a/Event/2022rvutkg,2022-09-10T15:58:13.892089,47.67765776,7.474201557,13.38623047,4.741692096,MLhc,Mulhouse F,CH,TORNY,--,HHE;HHN;HHZ,200.0,2022-09-10T15:56:43.890000Z,2022-09-10T16:01:43.890000Z,90.002,209.998,YES,data/raw/switzerland/2022rvutkg/CH.TORNY.--.HH.20220910T155813.mseed,OK,PASS
smi:ch.ethz.sed/sc20a/Event/2022rvutkg,2022-09-10T15:58:13.892089,47.67765776,7.474201557,13.38623047,4.741692096,MLhc,Mulhouse F,CH,WILA,--,HHE;HHN;HHZ,200.0,2022-09-10T15:56:43.890000Z,2022-09-10T16:01:43.890000Z,90.002,209.998,YES,data/raw/switzerland/2022rvutkg/CH.WILA.--.HH.20220910T155813.mseed,OK,PASS
smi:ch.ethz.sed/sc20a/Event/2023frzpnq,2023-03-22T14:50:34.196549,47.37298275,6.918389507,5.405273438,4.27811633,MLhc,Porrentruy JU,CH,MTI02,--,HHE;HHN;HHZ,120.0,2023-03-22T14:49:04.199999Z,2023-03-22T14:54:04.200000Z,89.997,210.003,YES,data/raw/switzerland/2023frzpnq/CH.MTI02.--.HH.20230322T145034.mseed,OK,PASS
smi:ch.ethz.sed/sc20a/Event/2023frzpnq,2023-03-22T14:50:34.196549,47.37298275,6.918389507,5.405273438,4.27811633,MLhc,Porrentruy JU,CH,CHASS,--,HHE;HHN;HHZ,200.0,2023-03-22T14:49:04.195000Z,2023-03-22T14:54:04.195000Z,90.002,209.998,YES,data/raw/switzerland/2023frzpnq/CH.CHASS.--.HH.20230322T145034.mseed,OK,PASS
smi:ch.ethz.sed/sc20a/Event/2023frzpnq,2023-03-22T14:50:34.196549,47.37298275,6.918389507,5.405273438,4.27811633,MLhc,Porrentruy JU,CH,MUTEZ,--,HHE;HHN;HHZ,200.0,2023-03-22T14:49:04.195000Z,2023-03-22T14:54:04.195000Z,90.002,209.998,YES,data/raw/switzerland/2023frzpnq/CH.MUTEZ.--.HH.20230322T145034.mseed,OK,PASS
smi:ch.ethz.sed/sc20a/Event/2023frzpnq,2023-03-22T14:50:34.196549,47.37298275,6.918389507,5.405273438,4.27811633,MLhc,Porrentruy JU,CH,BALST,--,HHE;HHN;HHZ,200.0,2023-03-22T14:49:04.195000Z,2023-03-22T14:54:04.195000Z,90.002,209.998,YES,data/raw/switzerland/2023frzpnq/CH.BALST.--.HH.20230322T145034.mseed,OK,PASS
smi:ch.ethz.sed/sc20a/Event/2023frzpnq,2023-03-22T14:50:34.196549,47.37298275,6.918389507,5.405273438,4.27811633,MLhc,Porrentruy JU,CH,ACB,--,HHE;HHN;HHZ,200.0,2023-03-22T14:49:04.195000Z,2023-03-22T14:54:04.195000Z,90.002,209.998,YES,data/raw/switzerland/2023frzpnq/CH.ACB.--.HH.20230322T145034.mseed,OK,PASS
smi:ch.ethz.sed/sc20a/Event/2023frzpnq,2023-03-22T14:50:34.196549,47.37298275,6.918389507,5.405273438,4.27811633,MLhc,Porrentruy JU,CH,GIMEL,--,HHE;HHN;HHZ,200.0,2023-03-22T14:49:04.195000Z,2023-03-22T14:54:04.195000Z,90.002,209.998,YES,data/raw/switzerland/2023frzpnq/CH.GIMEL.--.HH.20230322T145034.mseed,OK,PASS
smi:ch.ethz.sed/sc20a/Event/2024hxsnga,2024-04-22T01:35:55.193885,46.83715379,6.741095415,2.165527344,3.783988693,MLhc,Yvonand VD,CH,CHAMB,--,HHE;HHN;HHZ,200.0,2024-04-22T01:34:25.195000Z,2024-04-22T01:39:25.195000Z,89.999,210.001,YES,data/raw/switzerland/2024hxsnga/CH.CHAMB.--.HH.20240422T013555.mseed,OK,PASS
smi:ch.ethz.sed/sc20a/Event/2024hxsnga,2024-04-22T01:35:55.193885,46.83715379,6.741095415,2.165527344,3.783988693,MLhc,Yvonand VD,CH,TORNY,--,HHE;HHN;HHZ,200.0,2024-04-22T01:34:25.195000Z,2024-04-22T01:39:25.195000Z,89.999,210.001,YES,data/raw/switzerland/2024hxsnga/CH.TORNY.--.HH.20240422T013555.mseed,OK,PASS
smi:ch.ethz.sed/sc20a/Event/2024hxsnga,2024-04-22T01:35:55.193885,46.83715379,6.741095415,2.165527344,3.783988693,MLhc,Yvonand VD,CH,VINZL,--,HHE;HHN;HHZ,200.0,2024-04-22T01:34:25.195000Z,2024-04-22T01:39:25.195000Z,89.999,210.001,YES,data/raw/switzerland/2024hxsnga/CH.VINZL.--.HH.20240422T013555.mseed,OK,PASS
smi:ch.ethz.sed/sc20a/Event/2024hxsnga,2024-04-22T01:35:55.193885,46.83715379,6.741095415,2.165527344,3.783988693,MLhc,Yvonand VD,CH,MESRY,--,HHE;HHN;HHZ,200.0,2024-04-22T01:34:25.195000Z,2024-04-22T01:39:25.195000Z,89.999,210.001,YES,data/raw/switzerland/2024hxsnga/CH.MESRY.--.HH.20240422T013555.mseed,OK,PASS
smi:ch.ethz.sed/sc20a/Event/2024hxsnga,2024-04-22T01:35:55.193885,46.83715379,6.741095415,2.165527344,3.783988693,MLhc,Yvonand VD,CH,MUTEZ,--,HHE;HHN;HHZ,200.0,2024-04-22T01:34:25.195000Z,2024-04-22T01:39:25.195000Z,89.999,210.001,YES,data/raw/switzerland/2024hxsnga/CH.MUTEZ.--.HH.20240422T013555.mseed,OK,PASS
smi:ch.ethz.sed/sc20a/Event/2024hxsnga,2024-04-22T01:35:55.193885,46.83715379,6.741095415,2.165527344,3.783988693,MLhc,Yvonand VD,CH,MFERR,--,HHE;HHN;HHZ,200.0,2024-04-22T01:34:25.195000Z,2024-04-22T01:39:25.195000Z,89.999,210.001,YES,data/raw/switzerland/2024hxsnga/CH.MFERR.--.HH.20240422T013555.mseed,OK,PASS
smi:ch.ethz.sed/sc20a/Event/2024jelhrc,2024-05-09T21:25:57.777868,46.03645454,7.361600981,4.074707031,3.720042857,MLhc,Arolla VS,CH,DIX,--,HHE;HHN;HHZ,200.0,2024-05-09T21:24:27.780000Z,2024-05-09T21:29:27.780000Z,89.998,210.002,YES,data/raw/switzerland/2024jelhrc/CH.DIX.--.HH.20240509T212557.mseed,OK,PASS
smi:ch.ethz.sed/sc20a/Event/2024jelhrc,2024-05-09T21:25:57.777868,46.03645454,7.361600981,4.074707031,3.720042857,MLhc,Arolla VS,CH,MFERR,--,HHE;HHN;HHZ,200.0,2024-05-09T21:24:27.779998Z,2024-05-09T21:29:27.780000Z,89.998,210.002,YES,data/raw/switzerland/2024jelhrc/CH.MFERR.--.HH.20240509T212557.mseed,OK,PASS
smi:ch.ethz.sed/sc20a/Event/2024jelhrc,2024-05-09T21:25:57.777868,46.03645454,7.361600981,4.074707031,3.720042857,MLhc,Arolla VS,CH,SIMPL,--,HHE;HHN;HHZ,200.0,2024-05-09T21:24:27.780000Z,2024-05-09T21:29:27.780000Z,89.998,210.002,YES,data/raw/switzerland/2024jelhrc/CH.SIMPL.--.HH.20240509T212557.mseed,OK,PASS
smi:ch.ethz.sed/sc20a/Event/2024jelhrc,2024-05-09T21:25:57.777868,46.03645454,7.361600981,4.074707031,3.720042857,MLhc,Arolla VS,CH,JAUN,--,HHE;HHN;HHZ,200.0,2024-05-09T21:24:27.780000Z,2024-05-09T21:29:27.780000Z,89.998,210.002,YES,data/raw/switzerland/2024jelhrc/CH.JAUN.--.HH.20240509T212557.mseed,OK,PASS
smi:ch.ethz.sed/sc20a/Event/2024jelhrc,2024-05-09T21:25:57.777868,46.03645454,7.361600981,4.074707031,3.720042857,MLhc,Arolla VS,CH,HASLI,--,HHE;HHN;HHZ,200.0,2024-05-09T21:24:27.780000Z,2024-05-09T21:29:27.780000Z,89.998,210.002,YES,data/raw/switzerland/2024jelhrc/CH.HASLI.--.HH.20240509T212557.mseed,OK,PASS
smi:ch.ethz.sed/sc20a/Event/2024jelhrc,2024-05-09T21:25:57.777868,46.03645454,7.361600981,4.074707031,3.720042857,MLhc,Arolla VS,CH,GIMEL,--,HHE;HHN;HHZ,200.0,2024-05-09T21:24:27.780000Z,2024-05-09T21:29:27.780000Z,89.998,210.002,YES,data/raw/switzerland/2024jelhrc/CH.GIMEL.--.HH.20240509T212557.mseed,OK,PASS
smi:ch.ethz.sed/sc20a/Event/2024kyoses,2024-06-04T00:34:32.666532,47.05040072,8.858099939,0.06103515625,4.420761769,MLhc,Pragelpass GL/SZ,CH,LLS,--,HHE;HHN;HHZ,200.0,2024-06-04T00:33:02.665000Z,2024-06-04T00:38:02.665000Z,90.002,209.998,YES,data/raw/switzerland/2024kyoses/CH.LLS.--.HH.20240604T003432.mseed,OK,PASS
smi:ch.ethz.sed/sc20a/Event/2024kyoses,2024-06-04T00:34:32.666532,47.05040072,8.858099939,0.06103515625,4.420761769,MLhc,Pragelpass GL/SZ,CH,PANIX,--,HHE;HHN;HHZ,200.0,2024-06-04T00:33:02.665000Z,2024-06-04T00:38:02.665000Z,90.002,209.998,YES,data/raw/switzerland/2024kyoses/CH.PANIX.--.HH.20240604T003432.mseed,OK,PASS
smi:ch.ethz.sed/sc20a/Event/2024kyoses,2024-06-04T00:34:32.666532,47.05040072,8.858099939,0.06103515625,4.420761769,MLhc,Pragelpass GL/SZ,CH,HASLI,--,HHE;HHN;HHZ,200.0,2024-06-04T00:33:02.665000Z,2024-06-04T00:38:02.665000Z,90.002,209.998,YES,data/raw/switzerland/2024kyoses/CH.HASLI.--.HH.20240604T003432.mseed,OK,PASS
smi:ch.ethz.sed/sc20a/Event/2024kyoses,2024-06-04T00:34:32.666532,47.05040072,8.858099939,0.06103515625,4.420761769,MLhc,Pragelpass GL/SZ,CH,SLE,--,HHE;HHN;HHZ,200.0,2024-06-04T00:33:02.665000Z,2024-06-04T00:38:02.665001Z,90.002,209.998,YES,data/raw/switzerland/2024kyoses/CH.SLE.--.HH.20240604T003432.mseed,OK,PASS
smi:ch.ethz.sed/sc20a/Event/2024kyoses,2024-06-04T00:34:32.666532,47.05040072,8.858099939,0.06103515625,4.420761769,MLhc,Pragelpass GL/SZ,CH,WIMIS,--,HHE;HHN;HHZ,200.0,2024-06-04T00:33:02.664998Z,2024-06-04T00:38:02.665000Z,90.002,209.998,YES,data/raw/switzerland/2024kyoses/CH.WIMIS.--.HH.20240604T003432.mseed,OK,PASS
smi:ch.ethz.sed/sc20a/Event/2024kyoses,2024-06-04T00:34:32.666532,47.05040072,8.858099939,0.06103515625,4.420761769,MLhc,Pragelpass GL/SZ,CH,HAUIG,--,HHE;HHN;HHZ,200.0,2024-06-04T00:33:02.665000Z,2024-06-04T00:38:02.665000Z,90.002,209.998,YES,data/raw/switzerland/2024kyoses/CH.HAUIG.--.HH.20240604T003432.mseed,OK,PASS
smi:ch.ethz.sed/sc20a/Event/2024movmgz,2024-06-27T01:06:52.092872,47.69935083,7.966353118,8.249511719,4.246534701,MLhc,Laufenburg,CH,HAUIG,--,HHE;HHN;HHZ,200.0,2024-06-27T01:05:22.095000Z,2024-06-27T01:10:22.095000Z,89.998,210.002,YES,data/raw/switzerland/2024movmgz/CH.HAUIG.--.HH.20240627T010652.mseed,OK,PASS
smi:ch.ethz.sed/sc20a/Event/2024movmgz,2024-06-27T01:06:52.092872,47.69935083,7.966353118,8.249511719,4.246534701,MLhc,Laufenburg,CH,METMA,--,HHE;HHN;HHZ,200.0,2024-06-27T01:05:22.095000Z,2024-06-27T01:10:22.095000Z,89.998,210.002,YES,data/raw/switzerland/2024movmgz/CH.METMA.--.HH.20240627T010652.mseed,OK,PASS
smi:ch.ethz.sed/sc20a/Event/2024movmgz,2024-06-27T01:06:52.092872,47.69935083,7.966353118,8.249511719,4.246534701,MLhc,Laufenburg,CH,TRULL,--,HHE;HHN;HHZ,200.0,2024-06-27T01:05:22.095000Z,2024-06-27T01:10:22.095000Z,89.998,210.002,YES,data/raw/switzerland/2024movmgz/CH.TRULL.--.HH.20240627T010652.mseed,OK,PASS
smi:ch.ethz.sed/sc20a/Event/2024movmgz,2024-06-27T01:06:52.092872,47.69935083,7.966353118,8.249511719,4.246534701,MLhc,Laufenburg,CH,BOURR,--,HHE;HHN;HHZ,200.0,2024-06-27T01:05:22.095000Z,2024-06-27T01:10:22.095000Z,89.998,210.002,YES,data/raw/switzerland/2024movmgz/CH.BOURR.--.HH.20240627T010652.mseed,OK,PASS
smi:ch.ethz.sed/sc20a/Event/2024movmgz,2024-06-27T01:06:52.092872,47.69935083,7.966353118,8.249511719,4.246534701,MLhc,Laufenburg,CH,HASLI,--,HHE;HHN;HHZ,200.0,2024-06-27T01:05:22.095000Z,2024-06-27T01:10:22.095000Z,89.998,210.002,YES,data/raw/switzerland/2024movmgz/CH.HASLI.--.HH.20240627T010652.mseed,OK,PASS
smi:ch.ethz.sed/sc20a/Event/2024movmgz,2024-06-27T01:06:52.092872,47.69935083,7.966353118,8.249511719,4.246534701,MLhc,Laufenburg,CH,WIMIS,--,HHE;HHN;HHZ,200.0,2024-06-27T01:05:22.095000Z,2024-06-27T01:10:22.095000Z,89.998,210.002,YES,data/raw/switzerland/2024movmgz/CH.WIMIS.--.HH.20240627T010652.mseed,OK,PASS
smi:ch.ethz.sed/sc20a/Event/2024tbdkpx,2024-09-26T17:38:11.379184,46.53897646,7.855241885,0.6079101562,3.473763715,MLhc,Muerren BE,CH,WIMIS,--,HHE;HHN;HHZ,200.0,2024-09-26T17:36:41.380000Z,2024-09-26T17:41:41.380000Z,89.999,210.001,YES,data/raw/switzerland/2024tbdkpx/CH.WIMIS.--.HH.20240926T173811.mseed,OK,PASS
smi:ch.ethz.sed/sc20a/Event/2024tbdkpx,2024-09-26T17:38:11.379184,46.53897646,7.855241885,0.6079101562,3.473763715,MLhc,Muerren BE,CH,FIESA,--,HHE;HHN;HHZ,200.0,2024-09-26T17:36:41.380000Z,2024-09-26T17:41:41.380000Z,89.999,210.001,YES,data/raw/switzerland/2024tbdkpx/CH.FIESA.--.HH.20240926T173811.mseed,OK,PASS
smi:ch.ethz.sed/sc20a/Event/2024tbdkpx,2024-09-26T17:38:11.379184,46.53897646,7.855241885,0.6079101562,3.473763715,MLhc,Muerren BE,CH,MMK,--,HHE;HHN;HHZ,200.0,2024-09-26T17:36:41.380000Z,2024-09-26T17:41:41.380000Z,89.999,210.001,YES,data/raw/switzerland/2024tbdkpx/CH.MMK.--.HH.20240926T173811.mseed,OK,PASS
smi:ch.ethz.sed/sc20a/Event/2024tbdkpx,2024-09-26T17:38:11.379184,46.53897646,7.855241885,0.6079101562,3.473763715,MLhc,Muerren BE,CH,BNALP,--,HHE;HHN;HHZ,200.0,2024-09-26T17:36:41.380000Z,2024-09-26T17:41:41.380001Z,89.999,210.001,YES,data/raw/switzerland/2024tbdkpx/CH.BNALP.--.HH.20240926T173811.mseed,OK,PASS
smi:ch.ethz.sed/sc20a/Event/2024tbdkpx,2024-09-26T17:38:11.379184,46.53897646,7.855241885,0.6079101562,3.473763715,MLhc,Muerren BE,CH,PANIX,--,HHE;HHN;HHZ,200.0,2024-09-26T17:36:41.380000Z,2024-09-26T17:41:41.380000Z,89.999,210.001,YES,data/raw/switzerland/2024tbdkpx/CH.PANIX.--.HH.20240926T173811.mseed,OK,PASS
smi:ch.ethz.sed/sc20a/Event/2024tbdkpx,2024-09-26T17:38:11.379184,46.53897646,7.855241885,0.6079101562,3.473763715,MLhc,Muerren BE,CH,WGT,--,HHE;HHN;HHZ,200.0,2024-09-26T17:36:41.380000Z,2024-09-26T17:41:41.380000Z,89.999,210.001,YES,data/raw/switzerland/2024tbdkpx/CH.WGT.--.HH.20240926T173811.mseed,OK,PASS
smi:ch.ethz.sed/sc20a/Event/2025ofuozq,2025-07-21T10:52:16.706137,46.53979506,7.858811835,0.7153320312,4.180414102,MLhc,Muerren BE,CH,LAUCH,--,HHE;HHN;HHZ,200.0,2025-07-21T10:50:46.705000Z,2025-07-21T10:55:46.705000Z,90.001,209.999,YES,data/raw/switzerland/2025ofuozq/CH.LAUCH.--.HH.20250721T105216.mseed,OK,PASS
smi:ch.ethz.sed/sc20a/Event/2025ofuozq,2025-07-21T10:52:16.706137,46.53979506,7.858811835,0.7153320312,4.180414102,MLhc,Muerren BE,CH,FIESA,--,HHE;HHN;HHZ,200.0,2025-07-21T10:50:46.705000Z,2025-07-21T10:55:46.705000Z,90.001,209.999,YES,data/raw/switzerland/2025ofuozq/CH.FIESA.--.HH.20250721T105216.mseed,OK,PASS
smi:ch.ethz.sed/sc20a/Event/2025ofuozq,2025-07-21T10:52:16.706137,46.53979506,7.858811835,0.7153320312,4.180414102,MLhc,Muerren BE,CH,MMK,--,HHE;HHN;HHZ,200.0,2025-07-21T10:50:46.705000Z,2025-07-21T10:55:46.705000Z,90.001,209.999,YES,data/raw/switzerland/2025ofuozq/CH.MMK.--.HH.20250721T105216.mseed,OK,PASS
smi:ch.ethz.sed/sc20a/Event/2025ofuozq,2025-07-21T10:52:16.706137,46.53979506,7.858811835,0.7153320312,4.180414102,MLhc,Muerren BE,CH,BNALP,--,HHE;HHN;HHZ,200.0,2025-07-21T10:50:46.705000Z,2025-07-21T10:55:46.705000Z,90.001,209.999,YES,data/raw/switzerland/2025ofuozq/CH.BNALP.--.HH.20250721T105216.mseed,OK,PASS
smi:ch.ethz.sed/sc20a/Event/2025ofuozq,2025-07-21T10:52:16.706137,46.53979506,7.858811835,0.7153320312,4.180414102,MLhc,Muerren BE,CH,PANIX,--,HHE;HHN;HHZ,200.0,2025-07-21T10:50:46.705000Z,2025-07-21T10:55:46.705000Z,90.001,209.999,YES,data/raw/switzerland/2025ofuozq/CH.PANIX.--.HH.20250721T105216.mseed,OK,PASS
smi:ch.ethz.sed/sc20a/Event/2025ofuozq,2025-07-21T10:52:16.706137,46.53979506,7.858811835,0.7153320312,4.180414102,MLhc,Muerren BE,CH,WGT,--,HHE;HHN;HHZ,200.0,2025-07-21T10:50:46.705000Z,2025-07-21T10:55:46.705000Z,90.001,209.999,YES,data/raw/switzerland/2025ofuozq/CH.WGT.--.HH.20250721T105216.mseed,OK,PASS
smi:ch.ethz.sed/sc20a/Event/2025ovpxfj,2025-07-30T01:42:35.022964,47.29902679,8.437549525,6.583251953,2.967159696,MLhc,Affoltern am Albis ZH,CH,ZUR,--,HHE;HHN;HHZ,200.0,2025-07-30T01:41:05.025000Z,2025-07-30T01:46:05.025000Z,89.998,210.002,YES,data/raw/switzerland/2025ovpxfj/CH.ZUR.--.HH.20250730T014235.mseed,OK,PASS
smi:ch.ethz.sed/sc20a/Event/2025ovpxfj,2025-07-30T01:42:35.022964,47.29902679,8.437549525,6.583251953,2.967159696,MLhc,Affoltern am Albis ZH,CH,DAGMA,--,HHE;HHN;HHZ,200.0,2025-07-30T01:41:05.025000Z,2025-07-30T01:46:05.025000Z,89.998,210.002,YES,data/raw/switzerland/2025ovpxfj/CH.DAGMA.--.HH.20250730T014235.mseed,OK,PASS
smi:ch.ethz.sed/sc20a/Event/2025ovpxfj,2025-07-30T01:42:35.022964,47.29902679,8.437549525,6.583251953,2.967159696,MLhc,Affoltern am Albis ZH,CH,SLE,--,HHE;HHN;HHZ,200.0,2025-07-30T01:41:05.025001Z,2025-07-30T01:46:05.025001Z,89.998,210.002,YES,data/raw/switzerland/2025ovpxfj/CH.SLE.--.HH.20250730T014235.mseed,OK,PASS
smi:ch.ethz.sed/sc20a/Event/2025ovpxfj,2025-07-30T01:42:35.022964,47.29902679,8.437549525,6.583251953,2.967159696,MLhc,Affoltern am Albis ZH,CH,BALST,--,HHE;HHN;HHZ,200.0,2025-07-30T01:41:05.025000Z,2025-07-30T01:46:05.025000Z,89.998,210.002,YES,data/raw/switzerland/2025ovpxfj/CH.BALST.--.HH.20250730T014235.mseed,OK,PASS
smi:ch.ethz.sed/sc20a/Event/2025ovpxfj,2025-07-30T01:42:35.022964,47.29902679,8.437549525,6.583251953,2.967159696,MLhc,Affoltern am Albis ZH,CH,CHASS,--,HHE;HHN;HHZ,200.0,2025-07-30T01:41:05.025000Z,2025-07-30T01:46:05.025000Z,89.998,210.002,YES,data/raw/switzerland/2025ovpxfj/CH.CHASS.--.HH.20250730T014235.mseed,OK,PASS
smi:ch.ethz.sed/sc20a/Event/2025ovpxfj,2025-07-30T01:42:35.022964,47.29902679,8.437549525,6.583251953,2.967159696,MLhc,Affoltern am Albis ZH,CH,LAUCH,--,HHE;HHN;HHZ,200.0,2025-07-30T01:41:05.025000Z,2025-07-30T01:46:05.025000Z,89.998,210.002,YES,data/raw/switzerland/2025ovpxfj/CH.LAUCH.--.HH.20250730T014235.mseed,OK,PASS
smi:ch.ethz.sed/sc20a/Event/2025rgmtqp,2025-09-02T07:49:51.703044,46.74388384,10.54276941,9.584960938,3.783382029,MLhc,Strada GR,CH,FUORN,--,HHE;HHN;HHZ,200.0,2025-09-02T07:48:21.705000Z,2025-09-02T07:53:21.705000Z,89.998,210.002,YES,data/raw/switzerland/2025rgmtqp/CH.FUORN.--.HH.20250902T074951.mseed,OK,PASS
smi:ch.ethz.sed/sc20a/Event/2025rgmtqp,2025-09-02T07:49:51.703044,46.74388384,10.54276941,9.584960938,3.783382029,MLhc,Strada GR,CH,DAVOX,--,HHE;HHN;HHZ,200.0,2025-09-02T07:48:21.705000Z,2025-09-02T07:53:21.705000Z,89.998,210.002,YES,data/raw/switzerland/2025rgmtqp/CH.DAVOX.--.HH.20250902T074951.mseed,OK,PASS
smi:ch.ethz.sed/sc20a/Event/2025rgmtqp,2025-09-02T07:49:51.703044,46.74388384,10.54276941,9.584960938,3.783382029,MLhc,Strada GR,CH,BERNI,--,HHE;HHN;HHZ,200.0,2025-09-02T07:48:21.705000Z,2025-09-02T07:53:21.705000Z,89.998,210.002,YES,data/raw/switzerland/2025rgmtqp/CH.BERNI.--.HH.20250902T074951.mseed,OK,PASS
smi:ch.ethz.sed/sc20a/Event/2025rgmtqp,2025-09-02T07:49:51.703044,46.74388384,10.54276941,9.584960938,3.783382029,MLhc,Strada GR,CH,LIENZ,--,HHE;HHN;HHZ,200.0,2025-09-02T07:48:21.705000Z,2025-09-02T07:53:21.705001Z,89.998,210.002,YES,data/raw/switzerland/2025rgmtqp/CH.LIENZ.--.HH.20250902T074951.mseed,OK,PASS
smi:ch.ethz.sed/sc20a/Event/2025rgmtqp,2025-09-02T07:49:51.703044,46.74388384,10.54276941,9.584960938,3.783382029,MLhc,Strada GR,CH,PANIX,--,HHE;HHN;HHZ,200.0,2025-09-02T07:48:21.705000Z,2025-09-02T07:53:21.705000Z,89.998,210.002,YES,data/raw/switzerland/2025rgmtqp/CH.PANIX.--.HH.20250902T074951.mseed,OK,PASS
smi:ch.ethz.sed/sc20a/Event/2025rgmtqp,2025-09-02T07:49:51.703044,46.74388384,10.54276941,9.584960938,3.783382029,MLhc,Strada GR,CH,BNALP,--,HHE;HHN;HHZ,200.0,2025-09-02T07:48:21.705000Z,2025-09-02T07:53:21.705000Z,89.998,210.002,YES,data/raw/switzerland/2025rgmtqp/CH.BNALP.--.HH.20250902T074951.mseed,OK,PASS
smi:ch.ethz.sed/sc25a/Event/2026idhhja,2026-04-26T02:24:02.996231,47.10212640071457,9.41380556754973,2.2799804687500003,3.8283098885823894,MLhc,Sargans SG,CH,WGT,--,HHE;HHN;HHZ,200.0,2026-04-26T02:22:32.995000Z,2026-04-26T02:27:32.995000Z,90.001,209.999,YES,data/raw/switzerland/2026idhhja/CH.WGT.--.HH.20260426T022402.mseed,OK,PASS
smi:ch.ethz.sed/sc25a/Event/2026idhhja,2026-04-26T02:24:02.996231,47.10212640071457,9.41380556754973,2.2799804687500003,3.8283098885823894,MLhc,Sargans SG,CH,PANIX,--,HHE;HHN;HHZ,200.0,2026-04-26T02:22:32.995001Z,2026-04-26T02:27:32.995001Z,90.001,209.999,YES,data/raw/switzerland/2026idhhja/CH.PANIX.--.HH.20260426T022402.mseed,OK,PASS
smi:ch.ethz.sed/sc25a/Event/2026idhhja,2026-04-26T02:24:02.996231,47.10212640071457,9.41380556754973,2.2799804687500003,3.8283098885823894,MLhc,Sargans SG,CH,BERNI,--,HHE;HHN;HHZ,200.0,2026-04-26T02:22:32.995000Z,2026-04-26T02:27:32.995000Z,90.001,209.999,YES,data/raw/switzerland/2026idhhja/CH.BERNI.--.HH.20260426T022402.mseed,OK,PASS
smi:ch.ethz.sed/sc25a/Event/2026idhhja,2026-04-26T02:24:02.996231,47.10212640071457,9.41380556754973,2.2799804687500003,3.8283098885823894,MLhc,Sargans SG,CH,DAVOX,--,HHE;HHN;HHZ,200.0,2026-04-26T02:22:32.995000Z,2026-04-26T02:27:32.995000Z,90.001,209.999,YES,data/raw/switzerland/2026idhhja/CH.DAVOX.--.HH.20260426T022402.mseed,OK,PASS
smi:ch.ethz.sed/sc25a/Event/2026idhhja,2026-04-26T02:24:02.996231,47.10212640071457,9.41380556754973,2.2799804687500003,3.8283098885823894,MLhc,Sargans SG,CH,WIMIS,--,HHE;HHN;HHZ,200.0,2026-04-26T02:22:32.995000Z,2026-04-26T02:27:32.995000Z,90.001,209.999,YES,data/raw/switzerland/2026idhhja/CH.WIMIS.--.HH.20260426T022402.mseed,OK,PASS
smi:ch.ethz.sed/sc25a/Event/2026idhhja,2026-04-26T02:24:02.996231,47.10212640071457,9.41380556754973,2.2799804687500003,3.8283098885823894,MLhc,Sargans SG,CH,SLE,--,HHE;HHN;HHZ,200.0,2026-04-26T02:22:32.995000Z,2026-04-26T02:27:32.995000Z,90.001,209.999,YES,data/raw/switzerland/2026idhhja/CH.SLE.--.HH.20260426T022402.mseed,OK,PASS
smi:ch.ethz.sed/sc20a/Event/2022ezutme,2022-03-12T17:03:23.324094,45.66375859,6.362614507,6.99453125,4.171063018,MLhc,Annecy F,CH,SALEV,--,HHE;HHN;HHZ,200.0,2022-03-12T17:01:53.325000Z,2022-03-12T17:06:53.325000Z,89.999,210.001,YES,data/raw/switzerland/2022ezutme/CH.SALEV.--.HH.20220312T170323.mseed,OK,PASS
smi:ch.ethz.sed/sc20a/Event/2022ezutme,2022-03-12T17:03:23.324094,45.66375859,6.362614507,6.99453125,4.171063018,MLhc,Annecy F,CH,MFERR,--,HHE;HHN;HHZ,200.0,2022-03-12T17:01:53.325000Z,2022-03-12T17:06:53.325000Z,89.999,210.001,YES,data/raw/switzerland/2022ezutme/CH.MFERR.--.HH.20220312T170323.mseed,OK,PASS
smi:ch.ethz.sed/sc20a/Event/2022ezutme,2022-03-12T17:03:23.324094,45.66375859,6.362614507,6.99453125,4.171063018,MLhc,Annecy F,CH,PERON,--,HHE;HHN;HHZ,200.0,2022-03-12T17:01:53.325000Z,2022-03-12T17:06:53.325000Z,89.999,210.001,YES,data/raw/switzerland/2022ezutme/CH.PERON.--.HH.20220312T170323.mseed,OK,PASS
smi:ch.ethz.sed/sc20a/Event/2022ezutme,2022-03-12T17:03:23.324094,45.66375859,6.362614507,6.99453125,4.171063018,MLhc,Annecy F,CH,SENIN,--,HHE;HHN;HHZ,200.0,2022-03-12T17:01:53.325000Z,2022-03-12T17:06:53.325000Z,89.999,210.001,YES,data/raw/switzerland/2022ezutme/CH.SENIN.--.HH.20220312T170323.mseed,OK,PASS
smi:ch.ethz.sed/sc20a/Event/2022ezutme,2022-03-12T17:03:23.324094,45.66375859,6.362614507,6.99453125,4.171063018,MLhc,Annecy F,CH,VANNI,--,HHE;HHN;HHZ,120.0,2022-03-12T17:01:53.324999Z,2022-03-12T17:06:53.325000Z,89.999,210.001,YES,data/raw/switzerland/2022ezutme/CH.VANNI.--.HH.20220312T170323.mseed,OK,PASS
smi:ch.ethz.sed/sc20a/Event/2022ezutme,2022-03-12T17:03:23.324094,45.66375859,6.362614507,6.99453125,4.171063018,MLhc,Annecy F,CH,FIESA,--,HHE;HHN;HHZ,200.0,2022-03-12T17:01:53.325000Z,2022-03-12T17:06:53.325000Z,89.999,210.001,YES,data/raw/switzerland/2022ezutme/CH.FIESA.--.HH.20220312T170323.mseed,OK,PASS
